{"cameraMode":{"drawMode":0,"name":"Shaded","section":"Shading Mode"},"sceneLighting":true,"audioPlay":false,"sceneViewState":{"m_AlwaysRefresh":false,"showFog":true,"showSkybox":true,"showFlares":true,"showImageEffects":true,"showParticleSystems":true,"showVisualEffectGraphs":true,"m_FxEnabled":true},"in2DMode":false,"pivot":{"x":-2.5973410606384279,"y":2.020495891571045,"z":-10.485448837280274},"rotation":{"x":-0.018053382635116578,"y":0.9688553214073181,"z":-0.2355547696352005,"w":-0.07425391674041748},"size":8.875358581542969,"orthographic":false}