{"cameraMode":{"drawMode":0,"name":"Shaded","section":"Shading Mode"},"sceneLighting":true,"audioPlay":false,"sceneViewState":{"m_AlwaysRefresh":false,"showFog":true,"showSkybox":true,"showFlares":true,"showImageEffects":true,"showParticleSystems":true,"showVisualEffectGraphs":true,"m_FxEnabled":true},"in2DMode":false,"pivot":{"x":-1.9490505456924439,"y":-1.8773374557495118,"z":24.091337203979493},"rotation":{"x":0.30265334248542788,"y":0.012010601349174977,"z":-0.0038151585031300785,"w":0.9530189037322998},"size":10.63110637664795,"orthographic":false}